ID,BookID,CategoryID
0,0,49
1,0,189
2,0,258
3,0,379
4,1,102
5,1,379
6,2,56
7,2,192
8,2,296
9,6,201
10,6,211
11,6,334
12,7,255
13,7,379
14,8,154
15,8,379
16,9,296
17,9,379
18,10,3
19,10,190
20,10,248
21,10,250
22,11,13
23,11,27
24,11,60
25,11,96
26,11,173
27,11,311
28,12,199
29,12,363
30,13,199
31,13,315
32,13,379
33,14,154
34,14,261
35,17,227
36,17,379
37,19,96
38,19,161
39,19,197
40,19,379
41,19,408
42,20,102
43,20,345
44,20,379
45,21,58
46,21,379
47,21,394
48,22,102
49,22,379
50,24,154
51,24,379
52,26,96
53,26,161
54,26,197
55,26,379
56,26,408
57,27,102
58,27,379
59,28,99
60,28,379
61,29,99
62,29,114
63,29,414
64,30,15
65,30,100
66,30,112
67,30,126
68,30,406
69,31,49
70,31,94
71,31,173
72,31,189
73,31,258
74,31,281
75,31,311
76,31,367
77,33,96
78,33,105
79,33,107
80,33,161
81,33,197
82,33,408
83,34,64
84,34,102
85,35,96
86,35,161
87,35,197
88,35,379
89,35,408
90,36,199
91,36,379
92,37,49
93,37,143
94,37,258
95,37,274
96,38,44
97,38,102
98,39,89
99,39,199
100,41,66
101,41,99
102,41,199
103,42,296
104,42,326
105,42,392
106,43,39
107,43,213
108,43,225
109,44,154
110,44,243
111,44,367
112,46,154
113,46,243
114,46,367
115,47,113
116,47,222
117,47,296
118,47,333
119,47,368
120,48,67
121,48,300
122,49,43
123,49,427
124,50,3
125,50,190
126,50,248
127,50,250
128,50,399
129,51,154
130,51,379
131,53,67
132,53,373
133,55,47
134,55,67
135,56,67
136,56,319
137,56,379
138,57,99
139,57,379
140,59,99
141,59,379
142,59,414
143,60,154
144,60,173
145,60,311
146,61,99
147,61,379
148,64,296
149,64,326
150,64,392
151,66,15
152,66,56
153,66,100
154,66,126
155,66,192
156,67,334
157,67,379
158,69,67
159,69,210
160,69,379
161,70,102
162,70,379
163,71,15
164,71,42
165,71,100
166,71,126
167,71,420
168,72,102
169,72,172
170,72,379
171,73,154
172,73,230
173,73,256
174,74,96
175,74,105
176,74,161
177,74,197
178,74,322
179,74,379
180,74,398
181,74,408
182,75,64
183,75,102
184,76,14
185,76,259
186,76,329
187,76,359
188,76,379
189,76,418
190,80,53
191,80,111
192,80,346
193,81,67
194,81,379
195,82,15
196,82,100
197,82,126
198,82,419
199,84,45
200,84,96
201,85,200
202,85,317
203,85,346
204,85,350
205,85,379
206,86,154
207,86,365
208,89,26
209,89,91
210,89,93
211,89,102
212,89,258
213,90,3
214,90,190
215,90,248
216,90,250
217,91,26
218,91,102
219,91,379
220,92,55
221,92,99
222,92,348
223,93,96
224,93,379
225,94,127
226,94,153
227,94,158
228,94,179
229,94,285
230,97,70
231,97,190
232,98,15
233,98,42
234,98,100
235,98,126
236,98,379
237,99,102
238,99,295
239,99,379
240,100,36
241,100,56
242,100,192
243,102,67
244,102,379
245,103,75
246,103,92
247,103,96
248,103,130
249,103,134
250,103,240
251,103,398
252,104,255
253,104,379
254,104,398
255,105,141
256,105,297
257,105,379
258,107,35
259,107,81
260,107,138
261,107,199
262,107,238
263,108,92
264,108,96
265,108,226
266,110,52
267,110,102
268,110,184
269,110,214
270,110,295
271,111,154
272,111,365
273,112,296
274,112,326
275,112,392
276,113,96
277,113,246
278,113,276
279,115,98
280,115,143
281,115,274
282,115,277
283,115,403
284,116,67
285,116,146
286,116,319
287,116,379
288,117,96
289,117,157
290,117,246
291,119,99
292,119,379
293,120,284
294,120,303
295,120,379
296,120,413
297,123,102
298,123,379
299,125,25
300,125,99
301,125,129
302,125,332
303,126,68
304,126,102
305,127,30
306,127,199
307,128,199
308,128,312
309,130,200
310,130,379
311,131,102
312,131,172
313,131,379
314,132,99
315,132,104
316,132,414
317,133,102
318,133,379
319,134,96
320,134,183
321,135,102
322,135,142
323,135,200
324,135,345
325,135,379
326,137,49
327,137,189
328,137,200
329,137,258
330,137,379
331,138,49
332,138,189
333,138,258
334,138,329
335,138,359
336,138,379
337,138,418
338,140,110
339,140,154
340,140,185
341,141,56
342,141,192
343,141,293
344,142,3
345,142,190
346,142,248
347,142,250
348,143,67
349,143,360
350,144,102
351,144,216
352,144,379
353,145,67
354,145,379
355,146,67
356,146,300
357,147,120
358,147,297
359,147,346
360,147,379
361,148,143
362,148,274
363,148,375
364,149,44
365,149,102
366,151,190
367,151,402
368,154,102
369,154,379
370,155,170
371,155,213
372,155,296
373,155,379
374,155,398
375,157,67
376,157,300
377,158,15
378,158,81
379,158,95
380,158,100
381,158,199
382,158,238
383,159,379
384,159,427
385,160,200
386,160,254
387,160,338
388,160,381
389,161,92
390,161,96
391,161,236
392,163,67
393,163,379
394,165,255
395,165,379
396,165,398
397,166,99
398,166,379
399,169,26
400,169,102
401,169,379
402,170,36
403,170,53
404,170,121
405,170,346
406,171,34
407,171,334
408,174,68
409,174,102
410,175,296
411,175,379
412,176,91
413,176,93
414,176,102
415,176,258
416,176,379
417,176,406
418,177,67
419,177,379
420,179,296
421,179,379
422,180,67
423,180,262
424,180,379
425,183,190
426,183,278
427,184,139
428,184,379
429,187,44
430,187,102
431,188,102
432,188,379
433,189,199
434,189,244
435,190,199
436,190,391
437,191,255
438,191,379
439,192,96
440,192,161
441,192,197
442,192,379
443,192,408
444,195,379
445,195,427
446,196,227
447,196,269
448,196,363
449,197,74
450,197,154
451,197,427
452,198,49
453,198,162
454,198,171
455,198,189
456,198,258
457,198,379
458,199,29
459,199,342
460,199,379
461,200,102
462,200,216
463,200,379
464,202,159
465,202,188
466,202,372
467,202,379
468,206,102
469,206,379
470,207,49
471,207,173
472,207,189
473,207,258
474,207,311
475,207,329
476,207,359
477,208,102
478,208,379
479,209,15
480,209,46
481,209,100
482,209,126
483,210,96
484,210,161
485,210,197
486,210,209
487,210,383
488,210,408
489,211,92
490,211,96
491,211,379
492,212,102
493,212,142
494,212,200
495,212,345
496,212,379
497,216,155
498,216,200
499,216,235
500,216,241
501,216,317
502,216,320
503,216,346
504,217,154
505,217,261
506,218,90
507,218,139
508,218,180
509,219,102
510,219,137
511,219,371
512,220,200
513,220,379
514,221,102
515,221,279
516,221,364
517,222,90
518,222,109
519,222,139
520,224,9
521,224,204
522,224,384
523,229,13
524,229,27
525,229,379
526,230,56
527,230,192
528,230,296
529,232,296
530,232,379
531,233,154
532,233,200
533,233,317
534,233,346
535,233,351
536,234,26
537,234,80
538,234,102
539,234,379
540,235,102
541,235,172
542,235,379
543,236,53
544,236,379
545,237,102
546,237,379
547,238,102
548,238,379
549,238,406
550,239,271
551,239,296
552,239,343
553,241,102
554,241,186
555,241,216
556,241,355
557,243,102
558,243,379
559,244,81
560,244,95
561,244,199
562,244,238
563,244,379
564,245,56
565,245,192
566,245,296
567,246,102
568,246,379
569,247,102
570,247,172
571,247,379
572,248,14
573,248,176
574,248,239
575,248,259
576,248,329
577,248,359
578,248,418
579,249,81
580,249,102
581,249,110
582,249,185
583,249,216
584,249,238
585,249,379
586,250,102
587,250,379
588,253,102
589,253,173
590,253,311
591,253,321
592,254,255
593,254,379
594,257,18
595,257,83
596,257,171
597,257,379
598,259,16
599,259,96
600,259,161
601,259,197
602,259,200
603,259,231
604,259,408
605,260,296
606,260,379
607,261,255
608,261,379
609,261,398
610,262,39
611,262,89
612,262,110
613,262,185
614,262,255
615,262,287
616,263,296
617,263,379
618,264,68
619,264,102
620,268,293
621,268,379
622,270,102
623,270,172
624,270,379
625,272,224
626,272,334
627,273,80
628,273,102
629,273,110
630,273,185
631,273,379
632,274,80
633,274,96
634,274,101
635,274,102
636,274,379
637,275,44
638,275,265
639,275,379
640,277,102
641,277,379
642,278,89
643,278,199
644,280,67
645,280,379
646,281,102
647,281,273
648,281,325
649,281,345
650,282,21
651,282,40
652,282,154
653,282,160
654,283,199
655,283,391
656,284,89
657,284,199
658,285,81
659,285,102
660,285,110
661,285,185
662,285,238
663,285,295
664,285,379
665,286,53
666,286,166
667,286,200
668,286,346
669,287,296
670,287,307
671,288,102
672,288,172
673,288,379
674,289,296
675,289,379
676,290,296
677,290,379
678,291,150
679,291,296
680,291,367
681,292,68
682,292,102
683,293,102
684,293,295
685,293,356
686,293,358
687,295,102
688,295,187
689,296,3
690,296,190
691,296,248
692,296,250
693,299,15
694,299,78
695,299,100
696,299,126
697,299,344
698,300,49
699,300,171
700,300,176
701,300,189
702,300,258
703,300,382
704,302,124
705,302,293
706,303,199
707,303,379
708,304,139
709,304,379
710,305,49
711,305,173
712,305,189
713,305,258
714,305,311
715,305,411
716,306,102
717,306,216
718,306,401
719,309,159
720,309,188
721,309,211
722,309,336
723,309,372
724,310,56
725,310,192
726,310,379
727,311,102
728,311,379
729,313,102
730,313,379
731,314,200
732,314,379
733,315,50
734,315,379
735,315,381
736,315,389
737,317,296
738,317,379
739,319,96
740,319,218
741,320,3
742,320,190
743,320,248
744,320,250
745,321,91
746,321,93
747,321,102
748,321,258
749,321,406
750,323,49
751,323,189
752,323,258
753,323,379
754,324,96
755,324,101
756,324,102
757,324,379
758,325,67
759,325,146
760,325,223
761,325,319
762,326,96
763,326,379
764,327,81
765,327,95
766,327,199
767,327,238
768,327,379
769,328,155
770,328,200
771,328,235
772,328,241
773,328,317
774,328,320
775,328,346
776,329,81
777,329,95
778,329,199
779,329,238
780,329,409
781,331,2
782,331,200
783,331,207
784,333,255
785,333,379
786,334,127
787,334,153
788,334,249
789,334,337
790,335,49
791,335,189
792,335,258
793,335,379
794,336,9
795,336,154
796,336,327
797,338,92
798,338,96
799,338,243
800,338,367
801,338,386
802,339,143
803,339,274
804,339,375
805,340,88
806,340,143
807,340,274
808,341,199
809,341,260
810,342,9
811,342,196
812,342,233
813,344,143
814,344,274
815,344,379
816,344,403
817,345,154
818,345,274
819,346,102
820,346,116
821,346,216
822,349,257
823,349,374
824,350,123
825,350,142
826,350,163
827,350,200
828,351,37
829,351,102
830,351,172
831,351,243
832,351,367
833,352,14
834,352,75
835,352,259
836,352,379
837,355,54
838,355,96
839,355,161
840,355,197
841,355,408
842,356,18
843,356,377
844,357,18
845,357,83
846,357,97
847,357,171
848,357,376
849,357,416
850,357,425
851,358,92
852,358,96
853,358,108
854,361,199
855,361,242
856,362,102
857,362,345
858,362,379
859,364,26
860,364,80
861,364,102
862,364,379
863,365,102
864,365,320
865,369,102
866,369,379
867,370,10
868,370,159
869,370,188
870,370,260
871,370,372
872,371,18
873,371,83
874,371,97
875,371,171
876,371,376
877,371,416
878,371,425
879,372,73
880,372,342
881,373,26
882,373,80
883,373,102
884,373,379
885,374,379
886,374,427
887,375,26
888,375,102
889,375,379
890,376,4
891,376,92
892,376,96
893,376,260
894,376,410
895,377,190
896,377,415
897,378,80
898,378,102
899,378,320
900,379,143
901,379,178
902,379,274
903,380,199
904,380,391
905,381,56
906,381,192
907,381,356
908,381,358
909,385,14
910,385,259
911,385,266
912,385,329
913,385,359
914,385,364
915,385,418
916,387,96
917,387,102
918,387,125
919,387,145
920,387,156
921,387,200
922,387,284
923,387,295
924,391,170
925,391,175
926,391,213
927,391,296
928,392,102
929,392,320
930,394,67
931,394,300
932,396,96
933,396,183
934,399,58
935,399,395
936,400,80
937,400,102
938,400,379
939,401,199
940,401,349
941,401,379
942,402,92
943,402,96
944,402,202
945,403,49
946,403,189
947,403,258
948,403,379
949,404,5
950,404,14
951,404,206
952,404,259
953,404,329
954,404,359
955,404,418
956,405,92
957,405,96
958,405,202
959,408,154
960,408,408
961,409,102
962,409,186
963,409,216
964,409,355
965,410,26
966,410,102
967,410,216
968,410,280
969,411,199
970,411,316
971,411,379
972,412,142
973,412,163
974,412,200
975,412,379
976,413,65
977,413,80
978,413,102
979,413,302
980,413,390
981,415,200
982,415,379
983,417,0
984,417,15
985,417,99
986,417,100
987,417,212
988,418,49
989,418,147
990,418,189
991,418,247
992,418,258
993,419,49
994,419,167
995,419,189
996,419,232
997,419,258
998,420,11
999,420,334
1000,421,139
1001,421,379
1002,422,15
1003,422,100
1004,422,126
1005,422,379
1006,423,67
1007,423,300
1008,424,96
1009,424,379
1010,426,200
1011,426,290
1012,429,102
1013,429,216
1014,429,228
1015,433,58
1016,433,379
1017,433,394
1018,435,169
1019,435,199
1020,435,379
1021,436,102
1022,436,172
1023,436,379
1024,437,199
1025,437,379
1026,438,18
1027,438,83
1028,438,97
1029,438,171
1030,438,376
1031,438,416
1032,438,425
1033,439,81
1034,439,102
1035,439,110
1036,439,185
1037,439,216
1038,439,238
1039,439,379
1040,440,159
1041,440,188
1042,440,211
1043,440,336
1044,440,372
1045,441,56
1046,441,192
1047,441,193
1048,443,14
1049,443,23
1050,443,67
1051,443,259
1052,443,330
1053,443,366
1054,446,190
1055,446,421
1056,448,92
1057,448,96
1058,448,379
1059,449,15
1060,449,42
1061,449,100
1062,449,126
1063,449,379
1064,450,29
1065,450,342
1066,450,379
1067,451,92
1068,451,96
1069,451,379
1070,453,53
1071,453,166
1072,453,200
1073,453,346
1074,454,91
1075,454,93
1076,454,102
1077,454,216
1078,454,258
1079,454,379
1080,455,67
1081,455,379
1082,458,96
1083,458,161
1084,458,197
1085,458,263
1086,458,408
1087,459,227
1088,459,379
1089,460,284
1090,460,303
1091,460,379
1092,460,413
1093,461,44
1094,461,102
1095,463,337
1096,463,379
1097,463,387
1098,465,127
1099,465,153
1100,465,245
1101,465,285
1102,465,310
1103,466,139
1104,466,158
1105,466,424
1106,467,282
1107,467,296
1108,467,379
1109,469,92
1110,469,96
1111,469,379
1112,470,190
1113,470,379
1114,472,199
1115,472,264
1116,472,316
1117,472,324
1118,473,96
1119,473,161
1120,473,197
1121,473,379
1122,473,408
1123,475,199
1124,475,316
1125,475,379
1126,476,67
1127,476,210
1128,476,379
1129,478,53
1130,478,184
1131,478,274
1132,479,110
1133,479,185
1134,479,227
1135,480,154
1136,480,379
1137,482,67
1138,482,146
1139,482,319
1140,482,362
1141,484,102
1142,484,408
1143,485,15
1144,485,42
1145,485,100
1146,485,126
1147,485,379
1148,486,80
1149,486,102
1150,486,390
1151,486,397
1152,487,80
1153,487,102
1154,487,390
1155,487,397
1156,489,13
1157,489,27
1158,489,60
1159,489,96
1160,489,173
1161,489,311
1162,490,67
1163,490,379
1164,493,199
1165,493,242
1166,494,296
1167,494,326
1168,494,379
1169,498,96
1170,498,379
1171,499,151
1172,499,283
1173,499,284
1174,501,72
1175,501,139
1176,502,14
1177,502,31
1178,502,171
1179,502,259
1180,509,102
1181,509,200
1182,509,295
1183,509,379
1184,511,54
1185,511,96
1186,511,161
1187,511,197
1188,511,408
1189,512,53
1190,512,102
1191,512,379
1192,512,426
1193,513,227
1194,513,379
1195,514,30
1196,514,199
1197,516,25
1198,516,99
1199,516,301
1200,516,332
1201,517,143
1202,517,178
1203,517,274
1204,520,199
1205,520,379
1206,521,67
1207,521,146
1208,521,319
1209,521,379
1210,522,102
1211,522,379
1212,523,44
1213,523,220
1214,523,379
1215,523,398
1216,525,15
1217,525,92
1218,525,96
1219,525,100
1220,525,294
1221,525,404
1222,526,69
1223,526,378
1224,527,49
1225,527,189
1226,527,258
1227,527,281
1228,527,367
1229,528,96
1230,528,161
1231,528,197
1232,528,209
1233,528,379
1234,528,408
1235,529,282
1236,529,296
1237,529,379
1238,530,7
1239,530,102
1240,530,216
1241,530,379
1242,531,81
1243,531,199
1244,531,238
1245,531,243
1246,531,268
1247,531,328
1248,531,367
1249,532,56
1250,532,139
1251,532,192
1252,536,225
1253,536,379
1254,537,143
1255,537,272
1256,537,274
1257,538,154
1258,538,408
1259,539,96
1260,539,161
1261,539,197
1262,539,209
1263,539,379
1264,539,408
1265,540,15
1266,540,100
1267,540,102
1268,540,216
1269,540,379
1270,542,14
1271,542,259
1272,542,277
1273,542,405
1274,543,199
1275,543,391
1276,546,102
1277,546,379
1278,548,49
1279,548,189
1280,548,200
1281,548,258
1282,548,379
1283,549,49
1284,549,168
1285,549,189
1286,549,258
1287,549,329
1288,549,359
1289,549,418
1290,550,170
1291,550,213
1292,550,296
1293,550,379
1294,550,398
1295,552,49
1296,552,189
1297,552,258
1298,552,329
1299,552,359
1300,552,379
1301,552,418
1302,553,200
1303,553,286
1304,553,317
1305,553,346
1306,554,35
1307,554,81
1308,554,199
1309,554,219
1310,554,238
1311,556,300
1312,556,331
1313,556,334
1314,556,396
1315,558,53
1316,558,379
1317,559,102
1318,559,216
1319,559,320
1320,560,83
1321,560,171
1322,560,255
1323,560,379
1324,561,102
1325,561,320
1326,562,56
1327,562,192
1328,562,284
1329,563,41
1330,563,102
1331,563,345
1332,563,347
1333,566,96
1334,566,101
1335,566,102
1336,566,379
1337,567,58
1338,567,379
1339,567,400
1340,568,143
1341,568,274
1342,568,291
1343,570,102
1344,570,379
1345,573,199
1346,573,379
1347,574,154
1348,574,379
1349,575,102
1350,575,110
1351,575,185
1352,576,67
1353,576,300
1354,577,379
1355,577,427
1356,578,53
1357,578,184
1358,578,303
1359,578,413
1360,583,132
1361,583,152
1362,585,96
1363,585,161
1364,585,197
1365,585,379
1366,585,408
1367,587,334
1368,587,379
1369,588,96
1370,588,161
1371,588,197
1372,588,379
1373,588,408
1374,589,102
1375,589,345
1376,589,379
1377,590,99
1378,590,379
1379,591,12
1380,591,154
1381,591,200
1382,591,314
1383,591,323
1384,593,49
1385,593,189
1386,593,258
1387,593,379
1388,595,96
1389,595,379
1390,596,80
1391,596,102
1392,596,106
1393,597,49
1394,597,189
1395,597,258
1396,597,329
1397,597,359
1398,597,379
1399,597,418
1400,598,49
1401,598,189
1402,598,258
1403,598,335
1404,598,379
1405,599,81
1406,599,95
1407,599,199
1408,599,238
1409,599,379
1410,600,199
1411,600,379
1412,601,96
1413,601,379
1414,602,13
1415,602,27
1416,602,379
1417,603,49
1418,603,189
1419,603,227
1420,603,258
1421,603,379
1422,603,407
1423,604,53
1424,604,379
1425,608,277
1426,608,284
1427,609,199
1428,609,379
1429,611,309
1430,611,356
1431,611,358
1432,613,139
1433,613,379
1434,614,44
1435,614,102
1436,615,152
1437,615,379
1438,616,200
1439,616,379
1440,618,14
1441,618,259
1442,618,329
1443,618,359
1444,618,379
1445,618,418
1446,619,102
1447,619,379
1448,620,103
1449,620,282
1450,620,296
1451,621,9
1452,621,379
1453,622,96
1454,622,161
1455,622,197
1456,622,209
1457,622,379
1458,622,408
1459,623,44
1460,623,83
1461,623,97
1462,623,171
1463,623,265
1464,623,376
1465,623,416
1466,623,425
1467,624,56
1468,624,192
1469,624,379
1470,625,56
1471,625,154
1472,625,192
1473,626,49
1474,626,168
1475,626,189
1476,626,258
1477,626,329
1478,626,359
1479,626,418
1480,627,379
1481,627,427
1482,628,9
1483,628,81
1484,628,110
1485,628,185
1486,628,238
1487,629,199
1488,629,349
1489,629,379
1490,630,87
1491,630,99
1492,630,159
1493,630,188
1494,630,215
1495,630,372
1496,631,152
1497,631,379
1498,632,284
1499,632,379
1500,635,53
1501,635,166
1502,635,200
1503,635,346
1504,636,56
1505,636,192
1506,636,379
1507,637,17
1508,637,190
1509,637,243
1510,637,367
1511,638,91
1512,638,93
1513,638,102
1514,638,258
1515,639,102
1516,639,352
1517,640,102
1518,640,379
1519,641,3
1520,641,190
1521,641,248
1522,641,250
1523,642,44
1524,642,220
1525,642,277
1526,643,44
1527,643,102
1528,644,293
1529,644,379
1530,645,38
1531,645,129
1532,645,380
1533,645,427
1534,646,67
1535,646,379
1536,647,27
1537,647,102
1538,647,345
1539,647,379
1540,648,96
1541,648,379
1542,651,92
1543,651,96
1544,651,379
1545,652,110
1546,652,154
1547,652,185
1548,653,363
1549,653,427
1550,654,63
1551,654,96
1552,654,161
1553,654,197
1554,654,275
1555,654,408
1556,655,154
1557,655,365
1558,658,96
1559,658,161
1560,658,197
1561,658,379
1562,658,408
1563,659,154
1564,659,365
1565,661,96
1566,661,379
1567,662,49
1568,662,189
1569,662,258
1570,662,329
1571,662,359
1572,662,379
1573,662,418
1574,664,56
1575,664,76
1576,664,192
1577,665,154
1578,665,195
1579,665,260
1580,667,102
1581,667,379
1582,668,32
1583,668,102
1584,669,44
1585,669,265
1586,669,379
1587,669,398
1588,671,14
1589,671,176
1590,671,259
1591,671,313
1592,672,15
1593,672,42
1594,672,100
1595,672,126
1596,672,379
1597,674,199
1598,674,379
1599,679,211
1600,679,334
1601,679,379
1602,680,44
1603,680,265
1604,680,379
1605,681,92
1606,681,96
1607,681,148
1608,682,33
1609,682,53
1610,682,346
1611,683,127
1612,683,153
1613,683,369
1614,684,98
1615,684,143
1616,684,274
1617,684,277
1618,684,403
1619,686,75
1620,686,92
1621,686,96
1622,686,130
1623,686,134
1624,686,240
1625,686,398
1626,687,102
1627,687,379
1628,688,154
1629,688,379
1630,689,57
1631,689,99
1632,690,49
1633,690,140
1634,690,173
1635,690,189
1636,690,258
1637,690,311
1638,691,154
1639,691,408
1640,692,19
1641,692,49
1642,692,128
1643,692,189
1644,692,258
1645,692,329
1646,692,359
1647,692,418
1648,693,48
1649,693,379
1650,695,102
1651,695,110
1652,695,185
1653,696,255
1654,696,379
1655,698,15
1656,698,100
1657,698,126
1658,698,379
1659,699,102
1660,699,295
1661,699,379
1662,700,296
1663,700,326
1664,700,379
1665,703,92
1666,703,96
1667,703,294
1668,703,379
1669,704,79
1670,704,92
1671,704,96
1672,704,260
1673,705,117
1674,705,200
1675,705,271
1676,705,296
1677,707,102
1678,707,352
1679,708,96
1680,708,131
1681,708,161
1682,708,197
1683,708,408
1684,709,143
1685,709,203
1686,709,274
1687,711,81
1688,711,86
1689,711,199
1690,711,238
1691,711,328
1692,712,152
1693,712,298
1694,714,92
1695,714,96
1696,714,379
1697,715,56
1698,715,192
1699,715,296
1700,720,91
1701,720,93
1702,720,102
1703,720,258
1704,720,379
1705,721,211
1706,721,334
1707,721,379
1708,722,102
1709,722,379
1710,723,67
1711,723,379
1712,726,190
1713,726,415
1714,727,136
1715,727,356
1716,727,358
1717,728,44
1718,728,155
1719,728,205
1720,728,265
1721,728,320
1722,733,67
1723,733,146
1724,733,319
1725,733,379
1726,734,35
1727,734,81
1728,734,199
1729,734,238
1730,734,341
1731,735,199
1732,735,312
1733,736,49
1734,736,96
1735,736,161
1736,736,189
1737,736,197
1738,736,221
1739,736,258
1740,736,408
1741,737,102
1742,737,172
1743,737,379
1744,738,296
1745,738,379
1746,739,102
1747,739,379
1748,741,67
1749,741,198
1750,741,332
1751,742,44
1752,742,102
1753,743,67
1754,743,379
1755,744,181
1756,744,356
1757,744,358
1758,745,200
1759,745,317
1760,745,346
1761,745,379
1762,745,412
1763,746,92
1764,746,96
1765,746,294
1766,746,379
1767,747,91
1768,747,93
1769,747,154
1770,747,258
1771,749,296
1772,749,379
1773,750,67
1774,750,234
1775,752,92
1776,752,96
1777,752,240
1778,752,379
1779,753,30
1780,753,81
1781,753,95
1782,753,199
1783,753,238
1784,754,8
1785,754,159
1786,754,188
1787,754,372
1788,755,15
1789,755,100
1790,755,126
1791,755,379
1792,756,143
1793,756,274
1794,756,357
1795,757,49
1796,757,189
1797,757,247
1798,757,258
1799,757,329
1800,757,359
1801,757,418
1802,758,44
1803,758,102
1804,760,143
1805,760,274
1806,760,353
1807,761,14
1808,761,259
1809,761,329
1810,761,359
1811,761,379
1812,761,418
1813,762,91
1814,762,93
1815,762,102
1816,762,216
1817,762,258
1818,762,329
1819,762,359
1820,762,393
1821,762,418
1822,763,284
1823,763,379
1824,764,194
1825,764,334
1826,765,89
1827,765,199
1828,766,118
1829,766,190
1830,767,92
1831,767,96
1832,767,379
1833,768,190
1834,768,253
1835,768,379
1836,769,102
1837,769,110
1838,769,185
1839,770,293
1840,770,379
1841,771,356
1842,771,358
1843,771,379
1844,772,96
1845,772,161
1846,772,197
1847,772,379
1848,772,408
1849,773,96
1850,773,161
1851,773,197
1852,773,209
1853,773,379
1854,773,408
1855,774,102
1856,774,142
1857,774,200
1858,774,345
1859,774,379
1860,775,13
1861,775,27
1862,775,379
1863,777,9
1864,777,361
1865,777,384
1866,779,99
1867,779,379
1868,783,91
1869,783,93
1870,783,102
1871,783,258
1872,784,13
1873,784,27
1874,784,379
1875,785,49
1876,785,189
1877,785,258
1878,785,329
1879,785,359
1880,785,379
1881,785,418
1882,786,67
1883,786,262
1884,786,379
1885,787,99
1886,787,302
1887,788,102
1888,788,379
1889,789,96
1890,789,122
1891,789,246
1892,789,379
1893,791,199
1894,791,379
1895,792,152
1896,792,174
1897,792,379
1898,793,49
1899,793,115
1900,793,135
1901,793,258
1902,793,274
1903,793,299
1904,794,49
1905,794,189
1906,794,258
1907,794,329
1908,794,359
1909,794,393
1910,794,418
1911,795,67
1912,795,379
1913,796,49
1914,796,171
1915,796,189
1916,796,208
1917,796,258
1918,797,49
1919,797,143
1920,797,258
1921,797,274
1922,797,403
1923,799,337
1924,799,379
1925,800,92
1926,800,96
1927,800,379
1928,801,296
1929,801,379
1930,802,143
1931,802,267
1932,802,274
1933,803,92
1934,803,96
1935,803,379
1936,805,255
1937,805,379
1938,805,398
1939,808,22
1940,808,99
1941,809,84
1942,809,127
1943,809,153
1944,811,58
1945,811,292
1946,811,400
1947,812,37
1948,812,102
1949,812,172
1950,812,243
1951,812,367
1952,813,102
1953,813,379
1954,814,92
1955,814,96
1956,814,182
1957,816,92
1958,816,96
1959,816,379
1960,817,152
1961,817,379
1962,818,96
1963,818,161
1964,818,197
1965,818,209
1966,818,383
1967,818,408
1968,820,102
1969,820,379
1970,822,337
1971,822,423
1972,823,85
1973,823,340
1974,823,356
1975,823,358
1976,823,367
1977,824,150
1978,824,252
1979,824,296
1980,825,92
1981,825,96
1982,825,379
1983,826,102
1984,826,379
1985,827,44
1986,827,265
1987,827,379
1988,828,9
1989,828,155
1990,828,320
1991,828,384
1992,829,44
1993,829,154
1994,830,92
1995,830,96
1996,830,294
1997,830,379
1998,831,51
1999,831,77
2000,831,304
2001,831,337
2002,832,136
2003,832,356
2004,832,358
2005,833,14
2006,833,165
2007,833,230
2008,833,259
2009,834,49
2010,834,173
2011,834,189
2012,834,258
2013,834,311
2014,834,339
2015,835,16
2016,835,96
2017,835,161
2018,835,197
2019,835,379
2020,835,408
2021,837,79
2022,837,92
2023,837,96
2024,837,260
2025,838,143
2026,838,178
2027,838,274
2028,840,75
2029,840,92
2030,840,96
2031,840,130
2032,840,134
2033,840,240
2034,840,398
2035,842,62
2036,842,92
2037,842,96
2038,842,149
2039,843,14
2040,843,259
2041,843,277
2042,843,405
2043,844,96
2044,844,101
2045,844,102
2046,844,379
2047,845,49
2048,845,189
2049,845,258
2050,845,379
2051,846,96
2052,846,288
2053,847,49
2054,847,115
2055,847,135
2056,847,258
2057,847,274
2058,847,299
2059,848,296
2060,848,379
2061,849,142
2062,849,163
2063,849,191
2064,849,200
2065,850,150
2066,850,232
2067,850,297
2068,850,305
2069,850,379
2070,852,13
2071,852,27
2072,852,318
2073,854,96
2074,854,161
2075,854,197
2076,854,379
2077,854,408
2078,855,67
2079,855,360
2080,856,237
2081,856,297
2082,857,67
2083,857,379
2084,858,199
2085,858,379
2086,860,13
2087,860,27
2088,860,59
2089,861,75
2090,861,91
2091,861,93
2092,861,102
2093,861,134
2094,861,258
2095,861,398
2096,862,142
2097,862,163
2098,862,200
2099,862,379
2100,864,102
2101,864,133
2102,864,172
2103,865,177
2104,865,200
2105,866,378
2106,866,379
2107,867,22
2108,867,99
2109,868,80
2110,868,91
2111,868,93
2112,868,102
2113,868,258
2114,868,329
2115,868,359
2116,868,379
2117,868,418
2118,870,44
2119,870,265
2120,870,379
2121,870,398
2122,871,61
2123,871,92
2124,871,96
2125,872,227
2126,872,269
2127,872,363
2128,873,144
2129,873,170
2130,873,176
2131,873,213
2132,873,296
2133,873,382
2134,873,398
2135,875,293
2136,875,379
2137,876,44
2138,876,154
2139,877,282
2140,877,296
2141,877,417
2142,878,251
2143,878,296
2144,879,102
2145,879,345
2146,879,379
2147,881,201
2148,881,211
2149,881,334
2150,883,289
2151,883,297
2152,884,82
2153,884,296
2154,885,337
2155,885,379
2156,885,387
2157,886,102
2158,886,230
2159,886,422
2160,887,143
2161,887,274
2162,887,388
2163,888,26
2164,888,80
2165,888,102
2166,888,379
2167,889,102
2168,889,106
2169,890,102
2170,890,379
2171,893,96
2172,893,379
2173,894,28
2174,894,96
2175,894,102
2176,894,156
2177,894,284
2178,894,345
2179,896,20
2180,896,119
2181,897,15
2182,897,100
2183,897,126
2184,897,379
2185,898,102
2186,898,230
2187,898,422
2188,899,91
2189,899,93
2190,899,102
2191,899,258
2192,899,379
2193,899,406
2194,900,49
2195,900,168
2196,900,189
2197,900,258
2198,900,329
2199,900,359
2200,900,418
2201,901,14
2202,901,259
2203,901,379
2204,902,164
2205,902,308
2206,902,337
2207,902,367
2208,903,159
2209,903,188
2210,903,372
2211,903,379
2212,904,44
2213,904,102
2214,905,44
2215,905,102
2216,906,102
2217,906,216
2218,906,306
2219,906,390
2220,907,68
2221,907,102
2222,909,154
2223,909,274
2224,910,17
2225,910,190
2226,910,243
2227,910,367
2228,912,81
2229,912,199
2230,912,238
2231,912,328
2232,912,379
2233,913,9
2234,913,56
2235,913,192
2236,914,14
2237,914,259
2238,914,266
2239,914,329
2240,914,359
2241,914,364
2242,914,418
2243,915,199
2244,915,379
2245,916,199
2246,916,379
2247,919,58
2248,919,379
2249,919,394
2250,920,337
2251,920,379
2252,920,385
2253,921,12
2254,921,354
2255,921,379
2256,921,389
2257,922,102
2258,922,379
2259,924,102
2260,924,379
2261,925,102
2262,925,379
2263,926,255
2264,926,379
2265,927,200
2266,927,317
2267,927,346
2268,927,379
2269,929,102
2270,929,172
2271,929,379
2272,930,296
2273,930,379
2274,934,89
2275,934,199
2276,935,92
2277,935,96
2278,935,379
2279,936,2
2280,936,24
2281,936,200
2282,937,199
2283,937,379
2284,939,6
2285,939,96
2286,939,161
2287,939,197
2288,939,387
2289,939,408
2290,940,102
2291,940,345
2292,940,379
2293,942,58
2294,942,379
2295,942,394
2296,943,102
2297,943,379
2298,945,89
2299,945,199
2300,947,200
2301,947,379
2302,948,56
2303,948,192
2304,948,427
2305,950,102
2306,950,379
2307,951,44
2308,951,154
2309,952,102
2310,952,172
2311,952,379
2312,953,92
2313,953,96
2314,953,243
2315,953,367
2316,953,386
2317,954,296
2318,954,379
2319,957,190
2320,957,270
2321,963,1
2322,963,3
2323,963,190
2324,963,248
2325,963,250
2326,964,96
2327,964,125
2328,964,145
2329,964,200
2330,964,379
2331,966,102
2332,966,379
2333,967,170
2334,967,213
2335,967,296
2336,967,379
2337,967,398
2338,968,154
2339,968,195
2340,968,260
2341,969,49
2342,969,173
2343,969,189
2344,969,258
2345,969,311
2346,969,379
2347,970,96
2348,970,161
2349,970,197
2350,970,263
2351,970,408
2352,971,44
2353,971,154
2354,973,102
2355,973,379
2356,975,71
2357,975,211
2358,975,334
2359,976,49
2360,976,135
2361,976,173
2362,976,189
2363,976,258
2364,976,299
2365,976,311
2366,979,152
2367,979,229
2368,980,102
2369,980,379
2370,981,96
2371,981,101
2372,981,102
2373,981,230
2374,981,422
2375,983,17
2376,983,190
2377,983,243
2378,983,367
2379,984,99
2380,984,217
2381,985,56
2382,985,192
2383,985,379
2384,986,44
2385,986,265
2386,986,379
2387,986,398
2388,988,91
2389,988,93
2390,988,154
2391,988,258
2392,989,199
2393,989,379
2394,990,102
2395,990,379
2396,991,378
2397,991,398
2398,992,67
2399,992,379
2400,993,71
2401,993,211
2402,993,334
2403,994,102
2404,994,172
2405,994,379
2406,995,96
2407,995,101
2408,995,102
2409,995,379
2410,996,370
2411,996,380
2412,996,427
2413,997,2
2414,997,225
2415,997,379
2416,998,67
2417,998,379
